d	product_seed_p	filler_join_D	filler_frontier_index	certified_lower_ratio_C_over_B
55	7	31	96	666588049410094050176708629890606697662639715/661941565426077453299492872184552524829687808
56	6	33	109	656184447042573360777655818240000/647294507995285273065006020227577
57	7	33	109	5691067280768919391535831030822187895272059/5568051952694959084749316968227489584250880
58	7	34	118	402485992917196533564919400329357421875/394263958317788121253342571045352112128
59	7	35	125	9552751816409727535089159006205109/9377829680978560250032604105932800
60	7	36	123	309064433552851572205704278783204375/303822791929723792663270325470887936
61	6	38	137	191113108510503137443688703500000/187924211998631208309195296195103
62	7	38	137	7476149072348518337774791546725125/7319049528148712287733403428585472
63	6	40	150	191842311069117568167937032800000/187924211998631208309195296195103
64	7	40	150	132058524853178698269616159384717525/128782377090796443175174267069267968
65	6	42	166	25112739440148996734312233250000/24511853738951896735981995155883
66	7	42	166	15552327817498287999899298247587887950519964815/15050460856003445253967416883354036354022375424
67	6	44	181	802033390776787721182292065920000/772577315994372745271136217690979
68	7	44	181	1735229469402890134306234194898876053355873/1657099055657876178217191672596089043681280
69	7	45	188	12875469596814524837631204096982421875/12320748697430878789166955345167253504
70	7	46	196	25468546752217501213708738289769329/24382357170544256650084770675425280
71	7	47	201	75825693220832197933570080554972351/72756698605106262620065156325965824
72	7	48	208	5045546059060593879060377667722717861/4861466906619285633616901968515563520
73	7	49	210	102093602288849247825301519375537975/97943685258709172299893072847699968
74	6	51	223	8014292075791164162632077522000000/7704892691943879540677007143999223
75	7	51	223	393391947873232266079048757497562125/376355395118793053761931694280015872
76	6	53	241	195974458901266008938677565500000/187924211998631208309195296195103
77	7	53	241	18439482696204789046441132527254248645449775045/17524031968911418895244469195201574736280682496
78	6	55	260	947882334511002081586928313600000/897860123993460217477266415154381
79	7	55	260	60672359070031123577141055765694966900555/56953633278281854377690491944749798260736
80	7	56	270	17456051407294162245304609425494140625/16427664929907838385555940460223004672
81	7	57	278	149605197541668009251106633829437091/140667445214678403750489061588992000
82	7	58	283	88888791802825716329949988893996497/83805494777575912005550257544888320
83	7	59	290	16039812267969954488013725405911549/15192084083185267605052818651611136
84	7	60	290	594795525764626932999852075592047625/562251029482615122598126733047627776
