module,imports,scope
ContinuumGeometric,ContinuumGeometric.Activation,local
ContinuumGeometric,ContinuumGeometric.BoundedGrid,local
ContinuumGeometric,ContinuumGeometric.CandidateBounds,local
ContinuumGeometric,ContinuumGeometric.ClosedProjection,local
ContinuumGeometric,ContinuumGeometric.ClosedRepair,local
ContinuumGeometric,ContinuumGeometric.CoefficientCover,local
ContinuumGeometric,ContinuumGeometric.CountableExhaustion,local
ContinuumGeometric,ContinuumGeometric.EntropySchedule,local
ContinuumGeometric,ContinuumGeometric.FiniteRoutingProbability,local
ContinuumGeometric,ContinuumGeometric.GeometricParameters,local
ContinuumGeometric,ContinuumGeometric.GeometryChain,local
ContinuumGeometric,ContinuumGeometric.GridCutBridge,local
ContinuumGeometric,ContinuumGeometric.Interfaces,local
ContinuumGeometric,ContinuumGeometric.LineSignBound,local
ContinuumGeometric,ContinuumGeometric.LocalSignatures,local
ContinuumGeometric,ContinuumGeometric.MainProof,local
ContinuumGeometric,ContinuumGeometric.NoDefaultProbability,local
ContinuumGeometric,ContinuumGeometric.PeriodicRepair,local
ContinuumGeometric,ContinuumGeometric.Planar,local
ContinuumGeometric,ContinuumGeometric.RoutingActiveGeometry,local
ContinuumGeometric,ContinuumGeometric.RoutingAssembly,local
ContinuumGeometric,ContinuumGeometric.RoutingCenterAtoms,local
ContinuumGeometric,ContinuumGeometric.RoutingChoices,local
ContinuumGeometric,ContinuumGeometric.RoutingEntropy,local
ContinuumGeometric,ContinuumGeometric.RoutingFactorization,local
ContinuumGeometric,ContinuumGeometric.RoutingGeometry,local
ContinuumGeometric,ContinuumGeometric.RoutingGlobalGrid,local
ContinuumGeometric,ContinuumGeometric.RoutingInterfaces,local
ContinuumGeometric,ContinuumGeometric.RoutingLocalHit,local
ContinuumGeometric,ContinuumGeometric.RoutingLocalProbability,local
ContinuumGeometric,ContinuumGeometric.RoutingMeasure,local
ContinuumGeometric,ContinuumGeometric.RoutingModel,local
ContinuumGeometric,ContinuumGeometric.RoutingPreorder,local
ContinuumGeometric,ContinuumGeometric.RoutingProbability,local
ContinuumGeometric,ContinuumGeometric.RoutingSchedule,local
ContinuumGeometric,ContinuumGeometric.RoutingSeparation,local
ContinuumGeometric,ContinuumGeometric.RoutingStableGeometry,local
ContinuumGeometric,ContinuumGeometric.RoutingStableMeasure,local
ContinuumGeometric,ContinuumGeometric.RoutingStableProbability,local
ContinuumGeometric,ContinuumGeometric.RoutingTemplate,local
ContinuumGeometric,ContinuumGeometric.RoutingTreeBounds,local
ContinuumGeometric,ContinuumGeometric.ShiftedActivation,local
ContinuumGeometric,ContinuumGeometric.SignFiberCount,local
ContinuumGeometric,ContinuumGeometric.Target,local
ContinuumGeometric,ContinuumGeometric.ZeroErrorBuffer,local
ContinuumGeometric.Activation,Mathlib.Data.Int.Interval,external
ContinuumGeometric.Activation,Mathlib.Algebra.Order.Floor.Ring,external
ContinuumGeometric.Activation,ContinuumGeometric.GeometricParameters,local
ContinuumGeometric.BoundedGrid,ContinuumGeometric.GridCutBridge,local
ContinuumGeometric.BoundedGrid,Mathlib.Data.Int.Interval,external
ContinuumGeometric.CandidateBounds,ContinuumGeometric.RoutingInterfaces,local
ContinuumGeometric.CandidateBounds,ContinuumGeometric.ShiftedActivation,local
ContinuumGeometric.CandidateBounds,ContinuumGeometric.LocalSignatures,local
ContinuumGeometric.ClosedProjection,ContinuumGeometric.GeometricParameters,local
ContinuumGeometric.ClosedProjection,Mathlib.Topology.Maps.Proper.Basic,external
ContinuumGeometric.ClosedProjection,Mathlib.Topology.Order.Compact,external
ContinuumGeometric.ClosedProjection,Mathlib.Analysis.SpecialFunctions.Pow.Continuity,external
ContinuumGeometric.ClosedProjection,Mathlib.MeasureTheory.Constructions.BorelSpace.Real,external
ContinuumGeometric.ClosedRepair,ContinuumGeometric.ClosedProjection,local
ContinuumGeometric.ClosedRepair,ContinuumGeometric.ZeroErrorBuffer,local
ContinuumGeometric.CoefficientCover,ContinuumGeometric.GeometryChain,local
ContinuumGeometric.CoefficientCover,ContinuumGeometric.ClosedProjection,local
ContinuumGeometric.CountableExhaustion,ContinuumGeometric.PeriodicRepair,local
ContinuumGeometric.CountableExhaustion,ContinuumGeometric.CoefficientCover,local
ContinuumGeometric.CountableExhaustion,Mathlib.Analysis.SpecificLimits.Basic,external
ContinuumGeometric.EntropySchedule,ContinuumGeometric.GeometryChain,local
ContinuumGeometric.EntropySchedule,Mathlib.Analysis.SpecialFunctions.Log.Basic,external
ContinuumGeometric.FiniteRoutingProbability,ContinuumGeometric.RoutingInterfaces,local
ContinuumGeometric.FiniteRoutingProbability,Mathlib.Algebra.BigOperators.Ring.Finset,external
ContinuumGeometric.FiniteRoutingProbability,Mathlib.Algebra.BigOperators.GroupWithZero.Finset,external
ContinuumGeometric.FiniteRoutingProbability,ContinuumGeometric.RoutingModel,local
ContinuumGeometric.FiniteRoutingProbability,ContinuumGeometric.RoutingMeasure,local
ContinuumGeometric.GeometricParameters,Mathlib.Analysis.SpecialFunctions.Log.Base,external
ContinuumGeometric.GeometricParameters,Mathlib.Analysis.SpecificLimits.Basic,external
ContinuumGeometric.GeometricParameters,Mathlib.Tactic,external
ContinuumGeometric.GeometryChain,ContinuumGeometric.Activation,local
ContinuumGeometric.GridCutBridge,ContinuumGeometric.Planar,local
ContinuumGeometric.GridCutBridge,ContinuumGeometric.ClosedProjection,local
ContinuumGeometric.Interfaces,Mathlib.Basic.Real.Basic,external
ContinuumGeometric.Interfaces,Mathlib.Data.Finset.Card,external
ContinuumGeometric.LineSignBound,ContinuumGeometric.Interfaces,local
ContinuumGeometric.LineSignBound,Mathlib.Data.Fintype.Pi,external
ContinuumGeometric.LineSignBound,Mathlib.Tactic.Linarith,external
ContinuumGeometric.LineSignBound,Mathlib.Tactic.Ring,external
ContinuumGeometric.LineSignBound,Mathlib.Tactic.FieldSimp,external
ContinuumGeometric.LocalSignatures,ContinuumGeometric.BoundedGrid,local
ContinuumGeometric.MainProof,ContinuumGeometric.RoutingStableProbability,local
ContinuumGeometric.MainProof,ContinuumGeometric.CountableExhaustion,local
ContinuumGeometric.NoDefaultProbability,ContinuumGeometric.RoutingProbability,local
ContinuumGeometric.NoDefaultProbability,ContinuumGeometric.FiniteRoutingProbability,local
ContinuumGeometric.NoDefaultProbability,ContinuumGeometric.RoutingChoices,local
ContinuumGeometric.NoDefaultProbability,Mathlib.Algebra.BigOperators.Group.Finset.Sigma,external
ContinuumGeometric.PeriodicRepair,ContinuumGeometric.RoutingInterfaces,local
ContinuumGeometric.PeriodicRepair,ContinuumGeometric.ClosedRepair,local
ContinuumGeometric.PeriodicRepair,Mathlib.MeasureTheory.Constructions.BorelSpace.Metric,external
ContinuumGeometric.PeriodicRepair,Mathlib.MeasureTheory.Measure.Regular,external
ContinuumGeometric.PeriodicRepair,Mathlib.MeasureTheory.Group.Measure,external
ContinuumGeometric.Planar,Mathlib.Data.Finset.Card,external
ContinuumGeometric.Planar,Mathlib.Data.Fintype.Pi,external
ContinuumGeometric.Planar,Mathlib.Data.Fintype.Prod,external
ContinuumGeometric.Planar,Mathlib.Data.Fin.Basic,external
ContinuumGeometric.Planar,Mathlib.Tactic.Linarith,external
ContinuumGeometric.Planar,Mathlib.Tactic.Ring,external
ContinuumGeometric.Planar,Mathlib.Tactic.FieldSimp,external
ContinuumGeometric.Planar,ContinuumGeometric.Interfaces,local
ContinuumGeometric.Planar,ContinuumGeometric.SignFiberCount,local
ContinuumGeometric.Planar,ContinuumGeometric.LineSignBound,local
ContinuumGeometric.RoutingActiveGeometry,ContinuumGeometric.RoutingGeometry,local
ContinuumGeometric.RoutingActiveGeometry,ContinuumGeometric.CandidateBounds,local
ContinuumGeometric.RoutingAssembly,ContinuumGeometric.RoutingGlobalGrid,local
ContinuumGeometric.RoutingAssembly,ContinuumGeometric.FiniteRoutingProbability,local
ContinuumGeometric.RoutingAssembly,ContinuumGeometric.RoutingSchedule,local
ContinuumGeometric.RoutingAssembly,ContinuumGeometric.RoutingStableMeasure,local
ContinuumGeometric.RoutingAssembly,ContinuumGeometric.RoutingStableGeometry,local
ContinuumGeometric.RoutingCenterAtoms,ContinuumGeometric.NoDefaultProbability,local
ContinuumGeometric.RoutingCenterAtoms,ContinuumGeometric.RoutingProbability,local
ContinuumGeometric.RoutingChoices,ContinuumGeometric.EntropySchedule,local
ContinuumGeometric.RoutingChoices,ContinuumGeometric.LocalSignatures,local
ContinuumGeometric.RoutingEntropy,ContinuumGeometric.RoutingChoices,local
ContinuumGeometric.RoutingEntropy,Mathlib.Analysis.SpecialFunctions.Exp,external
ContinuumGeometric.RoutingFactorization,ContinuumGeometric.RoutingTreeBounds,local
ContinuumGeometric.RoutingGeometry,ContinuumGeometric.RoutingTemplate,local
ContinuumGeometric.RoutingGeometry,ContinuumGeometric.LocalSignatures,local
ContinuumGeometric.RoutingGeometry,Mathlib.Data.Int.ModEq,external
ContinuumGeometric.RoutingGlobalGrid,ContinuumGeometric.RoutingModel,local
ContinuumGeometric.RoutingGlobalGrid,ContinuumGeometric.RoutingTreeBounds,local
ContinuumGeometric.RoutingGlobalGrid,ContinuumGeometric.PeriodicRepair,local
ContinuumGeometric.RoutingInterfaces,ContinuumGeometric.Target,local
ContinuumGeometric.RoutingInterfaces,ContinuumGeometric.ClosedProjection,local
ContinuumGeometric.RoutingInterfaces,ContinuumGeometric.BoundedGrid,local
ContinuumGeometric.RoutingLocalHit,ContinuumGeometric.RoutingProbability,local
ContinuumGeometric.RoutingLocalHit,ContinuumGeometric.RoutingTreeBounds,local
ContinuumGeometric.RoutingLocalProbability,ContinuumGeometric.FiniteRoutingProbability,local
ContinuumGeometric.RoutingLocalProbability,ContinuumGeometric.RoutingSeparation,local
ContinuumGeometric.RoutingLocalProbability,ContinuumGeometric.RoutingFactorization,local
ContinuumGeometric.RoutingLocalProbability,ContinuumGeometric.RoutingEntropy,local
ContinuumGeometric.RoutingLocalProbability,ContinuumGeometric.CandidateBounds,local
ContinuumGeometric.RoutingLocalProbability,ContinuumGeometric.RoutingSchedule,local
ContinuumGeometric.RoutingMeasure,ContinuumGeometric.RoutingInterfaces,local
ContinuumGeometric.RoutingMeasure,Mathlib.MeasureTheory.Integral.Lebesgue.Add,external
ContinuumGeometric.RoutingMeasure,Mathlib.MeasureTheory.Measure.Lebesgue.Basic,external
ContinuumGeometric.RoutingMeasure,Mathlib.Basic.ENNReal.BigOperators,external
ContinuumGeometric.RoutingMeasure,Mathlib.MeasureTheory.Function.Floor,external
ContinuumGeometric.RoutingModel,ContinuumGeometric.RoutingGeometry,local
ContinuumGeometric.RoutingPreorder,ContinuumGeometric.RoutingTemplate,local
ContinuumGeometric.RoutingPreorder,Mathlib.Data.List.Chain,external
ContinuumGeometric.RoutingProbability,ContinuumGeometric.FiniteRoutingProbability,local
ContinuumGeometric.RoutingSchedule,ContinuumGeometric.RoutingEntropy,local
ContinuumGeometric.RoutingSchedule,ContinuumGeometric.CandidateBounds,local
ContinuumGeometric.RoutingSchedule,ContinuumGeometric.RoutingTemplate,local
ContinuumGeometric.RoutingSeparation,ContinuumGeometric.RoutingTreeBounds,local
ContinuumGeometric.RoutingSeparation,ContinuumGeometric.RoutingActiveGeometry,local
ContinuumGeometric.RoutingStableGeometry,ContinuumGeometric.RoutingPreorder,local
ContinuumGeometric.RoutingStableGeometry,ContinuumGeometric.RoutingStableMeasure,local
ContinuumGeometric.RoutingStableGeometry,ContinuumGeometric.RoutingLocalHit,local
ContinuumGeometric.RoutingStableGeometry,ContinuumGeometric.RoutingActiveGeometry,local
ContinuumGeometric.RoutingStableMeasure,ContinuumGeometric.RoutingGeometry,local
ContinuumGeometric.RoutingStableMeasure,ContinuumGeometric.PeriodicRepair,local
ContinuumGeometric.RoutingStableProbability,ContinuumGeometric.RoutingLocalProbability,local
ContinuumGeometric.RoutingStableProbability,ContinuumGeometric.RoutingStableGeometry,local
ContinuumGeometric.RoutingStableProbability,ContinuumGeometric.RoutingAssembly,local
ContinuumGeometric.RoutingStableProbability,ContinuumGeometric.NoDefaultProbability,local
ContinuumGeometric.RoutingStableProbability,ContinuumGeometric.RoutingCenterAtoms,local
ContinuumGeometric.RoutingTemplate,ContinuumGeometric.RoutingInterfaces,local
ContinuumGeometric.RoutingTemplate,Mathlib.Data.List.OfFn,external
ContinuumGeometric.RoutingTreeBounds,ContinuumGeometric.RoutingModel,local
ContinuumGeometric.ShiftedActivation,ContinuumGeometric.Activation,local
ContinuumGeometric.SignFiberCount,ContinuumGeometric.Interfaces,local
ContinuumGeometric.SignFiberCount,Mathlib.Algebra.BigOperators.Group.Finset.Basic,external
ContinuumGeometric.SignFiberCount,Mathlib.Algebra.Order.BigOperators.Group.Finset,external
ContinuumGeometric.Target,Mathlib.MeasureTheory.Measure.Lebesgue.Basic,external
ContinuumGeometric.Target,Mathlib.Topology.Order.Compact,external
ContinuumGeometric.ZeroErrorBuffer,Mathlib.Topology.MetricSpace.Thickening,external
ContinuumGeometric.ZeroErrorBuffer,Mathlib.Tactic,external
ContinuumRemainder,ContinuumRemainder.FinalProof,local
ContinuumRemainder.Counting,ContinuumRemainder.Sampling,local
ContinuumRemainder.Counting,ContinuumGeometric.CandidateBounds,local
ContinuumRemainder.Counting,ContinuumRemainder.LogGeometry,local
ContinuumRemainder.DistinctMisses,ContinuumRemainder.Specification,local
ContinuumRemainder.DistinctMisses,Mathlib.Analysis.SpecialFunctions.Pow.Continuity,external
ContinuumRemainder.ErrorDomination,ContinuumGeometric.ZeroErrorBuffer,local
ContinuumRemainder.ErrorDomination,Mathlib.Analysis.SpecialFunctions.Pow.Real,external
ContinuumRemainder.ErrorSchedule,ContinuumRemainder.ErrorDomination,local
ContinuumRemainder.ErrorSchedule,ContinuumGeometric.EntropySchedule,local
ContinuumRemainder.ErrorSchedule,Mathlib.Analysis.SpecialFunctions.Pow.Asymptotics,external
ContinuumRemainder.Exhaustion,ContinuumRemainder.DistinctMisses,local
ContinuumRemainder.Exhaustion,ContinuumGeometric.CountableExhaustion,local
ContinuumRemainder.FinalProof,ContinuumRemainder.SampleStableProbability,local
ContinuumRemainder.FinalProof,ContinuumRemainder.TopologyConclusion,local
ContinuumRemainder.LogGeometry,ContinuumGeometric.RoutingActiveGeometry,local
ContinuumRemainder.LogGeometry,ContinuumGeometric.RoutingStableGeometry,local
ContinuumRemainder.LogRouting,ContinuumRemainder.LogSignatures,local
ContinuumRemainder.LogRouting,ContinuumGeometric.RoutingFactorization,local
ContinuumRemainder.LogRouting,ContinuumGeometric.FiniteRoutingProbability,local
ContinuumRemainder.LogRouting,ContinuumGeometric.RoutingSeparation,local
ContinuumRemainder.LogRoutingProbability,ContinuumRemainder.LogRouting,local
ContinuumRemainder.LogRoutingProbability,ContinuumGeometric.RoutingEntropy,local
ContinuumRemainder.LogSignatures,ContinuumRemainder.LogGeometry,local
ContinuumRemainder.LogSignatures,ContinuumGeometric.LocalSignatures,local
ContinuumRemainder.RobustAssembly,ContinuumRemainder.Specification,local
ContinuumRemainder.RobustAssembly,ContinuumRemainder.RobustRepair,local
ContinuumRemainder.RobustAssembly,ContinuumGeometric.RoutingAssembly,local
ContinuumRemainder.RobustRepair,ContinuumRemainder.ErrorDomination,local
ContinuumRemainder.RobustRepair,ContinuumGeometric.ClosedProjection,local
ContinuumRemainder.SampleLocalProbability,ContinuumRemainder.Counting,local
ContinuumRemainder.SampleLocalProbability,ContinuumRemainder.LogRoutingProbability,local
ContinuumRemainder.SampleLocalProbability,ContinuumGeometric.RoutingLocalProbability,local
ContinuumRemainder.SampleSchedule,ContinuumRemainder.Counting,local
ContinuumRemainder.SampleSchedule,ContinuumRemainder.ErrorSchedule,local
ContinuumRemainder.SampleSchedule,ContinuumGeometric.RoutingChoices,local
ContinuumRemainder.SampleSchedule,ContinuumGeometric.RoutingEntropy,local
ContinuumRemainder.SampleSchedule,ContinuumGeometric.RoutingTemplate,local
ContinuumRemainder.SampleStableProbability,ContinuumRemainder.SampleLocalProbability,local
ContinuumRemainder.SampleStableProbability,ContinuumRemainder.SampleSchedule,local
ContinuumRemainder.SampleStableProbability,ContinuumRemainder.RobustAssembly,local
ContinuumRemainder.SampleStableProbability,ContinuumGeometric.RoutingStableProbability,local
ContinuumRemainder.Sampling,ContinuumRemainder.Specification,local
ContinuumRemainder.Sampling,Mathlib.Analysis.SpecialFunctions.Pow.Asymptotics,external
ContinuumRemainder.Specification,ContinuumGeometric.GeometricParameters,local
ContinuumRemainder.Specification,ContinuumGeometric.RoutingInterfaces,local
ContinuumRemainder.Specification,Mathlib.Topology.MetricSpace.Isometry,external
ContinuumRemainder.TopologyConclusion,ContinuumRemainder.Exhaustion,local
