paper_label,role,declaration,kind,visibility,module,archive_path,line,source_sha256
def:syndetic,"Logarithmic bins, per-configuration bounded gaps and exact endpoint specification",ContinuumRemainder.OccupiedBin,def,public,ContinuumRemainder.Specification,project/ContinuumRemainder/Specification.lean,14,0a98b8858428b1cd7c34263358c67a769121d049ae964008bd91abcd1382102e
def:syndetic,"Logarithmic bins, per-configuration bounded gaps and exact endpoint specification",ContinuumRemainder.LogSyndetic,def,public,ContinuumRemainder.Specification,project/ContinuumRemainder/Specification.lean,18,0a98b8858428b1cd7c34263358c67a769121d049ae964008bd91abcd1382102e
def:syndetic,"Logarithmic bins, per-configuration bounded gaps and exact endpoint specification",ContinuumRemainder.ContinuumPowerTarget,def,public,ContinuumRemainder.Specification,project/ContinuumRemainder/Specification.lean,35,0a98b8858428b1cd7c34263358c67a769121d049ae964008bd91abcd1382102e
def:syndetic,"Logarithmic bins, per-configuration bounded gaps and exact endpoint specification",ContinuumRemainder.RobustCompactBlockerSpec,def,public,ContinuumRemainder.Specification,project/ContinuumRemainder/Specification.lean,53,0a98b8858428b1cd7c34263358c67a769121d049ae964008bd91abcd1382102e
lem:sampling,Separated sampling and strict output-window counts,ContinuumRemainder.LogSyndetic.exists_sampledLogConfiguration,theorem,public,ContinuumRemainder.Sampling,project/ContinuumRemainder/Sampling.lean,121,f2c37c5966a32fef6cd6c658ab309a2638fbaf5f58e96a98b600c60685ba7e62
lem:sampling,Separated sampling and strict output-window counts,ContinuumRemainder.open_window_count_bounds,theorem,public,ContinuumRemainder.Counting,project/ContinuumRemainder/Counting.lean,28,b5fcc35d32cecd9318bad1cb4029bdf9572400aecd446998520386d1e290d83a
lem:sampling,Separated sampling and strict output-window counts,ContinuumRemainder.SampledLogConfiguration.activeLabels_count_bounds,theorem,public,ContinuumRemainder.Counting,project/ContinuumRemainder/Counting.lean,174,b5fcc35d32cecd9318bad1cb4029bdf9572400aecd446998520386d1e290d83a
lem:template,"Local span, finest endpoints and affine total span",ContinuumGeometric.RoutingTemplate.blockSpan_le_twice_length,theorem,public,ContinuumGeometric.RoutingTemplate,project/ContinuumGeometric/RoutingTemplate.lean,56,8d6e31240dfb28375d6fad2e0ce55df1f2a0ad56e48f243df43b40ecc15f5251
lem:template,"Local span, finest endpoints and affine total span",ContinuumGeometric.RoutingTemplate.span_affine,theorem,public,ContinuumGeometric.RoutingTemplate,project/ContinuumGeometric/RoutingTemplate.lean,163,8d6e31240dfb28375d6fad2e0ce55df1f2a0ad56e48f243df43b40ecc15f5251
lem:template,"Local span, finest endpoints and affine total span",ContinuumGeometric.RoutingTemplate.edgeEnd_within_total,theorem,public,ContinuumGeometric.RoutingTreeBounds,project/ContinuumGeometric/RoutingTreeBounds.lean,102,bcbc8e5c378180bfeb521833482ec85f24aed5cb7173f00b6dd557dc24b90262
lem:geometry,Stable earlier addresses and distinct own-grid keys,ContinuumRemainder.log_stable_earlier_address_agreement,theorem,public,ContinuumRemainder.LogGeometry,project/ContinuumRemainder/LogGeometry.lean,136,6aa56bac33c49b78789a3df4ef67abbcd7b2cb31aa712e1214644814e4f4b376
lem:geometry,Stable earlier addresses and distinct own-grid keys,ContinuumRemainder.log_gridAddress_ne_center,theorem,public,ContinuumRemainder.LogGeometry,project/ContinuumRemainder/LogGeometry.lean,78,6aa56bac33c49b78789a3df4ef67abbcd7b2cb31aa712e1214644814e4f4b376
lem:geometry,Stable earlier addresses and distinct own-grid keys,ContinuumRemainder.log_gridAddress_ne_of_output_gap,theorem,public,ContinuumRemainder.LogGeometry,project/ContinuumRemainder/LogGeometry.lean,102,6aa56bac33c49b78789a3df4ef67abbcd7b2cb31aa712e1214644814e4f4b376
lem:geometry,Stable earlier addresses and distinct own-grid keys,ContinuumGeometric.unitDensity_routingUnstableCenters_le,theorem,public,ContinuumGeometric.RoutingStableMeasure,project/ContinuumGeometric/RoutingStableMeasure.lean,181,317e3a6bb3ebe8d61ebd17e9bc5708ccbcef7447ffc57ff404c12e1279830a0f
sec:routing,Actual finite global grid and Bernoulli terminal expectation,ContinuumGeometric.actual_routedSet_finite_grid,theorem,public,ContinuumGeometric.RoutingGlobalGrid,project/ContinuumGeometric/RoutingGlobalGrid.lean,98,e4bb0a2e08170e42494a2a6b85db4114952f275d7b461f9998c3d478e5b73284
sec:routing,Actual finite global grid and Bernoulli terminal expectation,ContinuumGeometric.actual_routedSet_expected_density,theorem,public,ContinuumGeometric.FiniteRoutingProbability,project/ContinuumGeometric/FiniteRoutingProbability.lean,443,06876bd7ded4848d5adc660f496e35609b73c8634f83e0c7db884e6edb5a257a
sec:probability,Full center exposure and exact no-default probability,ContinuumGeometric.actual_center_atom_probability,theorem,public,ContinuumGeometric.FiniteRoutingProbability,project/ContinuumGeometric/FiniteRoutingProbability.lean,380,06876bd7ded4848d5adc660f496e35609b73c8634f83e0c7db884e6edb5a257a
sec:probability,Full center exposure and exact no-default probability,ContinuumGeometric.actual_center_atoms_sum_one,theorem,public,ContinuumGeometric.FiniteRoutingProbability,project/ContinuumGeometric/FiniteRoutingProbability.lean,424,06876bd7ded4848d5adc660f496e35609b73c8634f83e0c7db884e6edb5a257a
sec:probability,Full center exposure and exact no-default probability,ContinuumGeometric.actual_routeHasNoDefault_probability,theorem,public,ContinuumGeometric.NoDefaultProbability,project/ContinuumGeometric/NoDefaultProbability.lean,259,418d7470b47c82fe8db948921a00780d479b70e67cedae3e610b7a9d57ef397e
lem:joint,Joint atom miss identity without division or path independence,ContinuumGeometric.joint_center_atom_all_miss,theorem,public,ContinuumGeometric.FiniteRoutingProbability,project/ContinuumGeometric/FiniteRoutingProbability.lean,231,06876bd7ded4848d5adc660f496e35609b73c8634f83e0c7db884e6edb5a257a
lem:joint,Joint atom miss identity without division or path independence,ContinuumRemainder.log_fixed_parameter_joint_miss,theorem,public,ContinuumRemainder.LogRoutingProbability,project/ContinuumRemainder/LogRoutingProbability.lean,73,c0e01a1d735c0d8c454ae89d015c16f7e5816f2bd6830f6fb0b04dbf61cf5579
lem:arrangement,Boundary-complete planar affine sign arrangement,ContinuumGeometric.realizedLinePatterns_card_le,theorem,public,ContinuumGeometric.LineSignBound,project/ContinuumGeometric/LineSignBound.lean,174,6723e0f31d9169e04a3b87eafef0e52991b375d52a15cdd2703f7803d19d774c
lem:arrangement,Boundary-complete planar affine sign arrangement,ContinuumGeometric.realizedPlanePatterns_card_le,theorem,public,ContinuumGeometric.Planar,project/ContinuumGeometric/Planar.lean,256,e32fdf89990a6ac7cb63896c8bb03a148060dcc9bafa00784d6e38d07c991168
lem:arrangement,Boundary-complete planar affine sign arrangement,ContinuumGeometric.arrangementRepresentativeBound,theorem,public,ContinuumGeometric.Planar,project/ContinuumGeometric/Planar.lean,288,e32fdf89990a6ac7cb63896c8bb03a148060dcc9bafa00784d6e38d07c991168
sec:representatives,"Candidate count, activation signs and exact grid crossing signs",ContinuumRemainder.SampledLogConfiguration.potentialPairs_card_le,theorem,public,ContinuumRemainder.Counting,project/ContinuumRemainder/Counting.lean,252,b5fcc35d32cecd9318bad1cb4029bdf9572400aecd446998520386d1e290d83a
sec:representatives,"Candidate count, activation signs and exact grid crossing signs",ContinuumRemainder.log_activation_cut_signs,theorem,public,ContinuumRemainder.LogSignatures,project/ContinuumRemainder/LogSignatures.lean,12,c745a4da97850910825cbb9e8c6b465c2069db2dca46fd6d5f16efe566e11b66
sec:representatives,"Candidate count, activation signs and exact grid crossing signs",ContinuumRemainder.log_grid_boundary_sign,theorem,public,ContinuumRemainder.LogSignatures,project/ContinuumRemainder/LogSignatures.lean,22,c745a4da97850910825cbb9e8c6b465c2069db2dca46fd6d5f16efe566e11b66
sec:representatives,"Candidate count, activation signs and exact grid crossing signs",ContinuumRemainder.log_grid_key_eq_of_log_signs,theorem,public,ContinuumRemainder.LogSignatures,project/ContinuumRemainder/LogSignatures.lean,32,c745a4da97850910825cbb9e8c6b465c2069db2dca46fd6d5f16efe566e11b66
lem:entropy,Representatives uniform in all outcomes and the continuum union bound,ContinuumRemainder.log_local_grid_representatives_uniform,theorem,public,ContinuumRemainder.LogSignatures,project/ContinuumRemainder/LogSignatures.lean,144,c745a4da97850910825cbb9e8c6b465c2069db2dca46fd6d5f16efe566e11b66
lem:entropy,Representatives uniform in all outcomes and the continuum union bound,ContinuumRemainder.log_representatives_entropy_bound,theorem,public,ContinuumRemainder.LogSignatures,project/ContinuumRemainder/LogSignatures.lean,178,c745a4da97850910825cbb9e8c6b465c2069db2dca46fd6d5f16efe566e11b66
lem:entropy,Representatives uniform in all outcomes and the continuum union bound,ContinuumRemainder.log_continuum_joint_miss_bound,theorem,public,ContinuumRemainder.LogRoutingProbability,project/ContinuumRemainder/LogRoutingProbability.lean,108,c0e01a1d735c0d8c454ae89d015c16f7e5816f2bd6830f6fb0b04dbf61cf5579
lem:entropy,Representatives uniform in all outcomes and the continuum union bound,ContinuumRemainder.sample_vertex_continuum_joint_miss_bound,theorem,public,ContinuumRemainder.SampleLocalProbability,project/ContinuumRemainder/SampleLocalProbability.lean,92,1915e9daf2766ed8a966284ce25a1129f316427507f1888e869bea23c7c8afae
lem:schedule,"Logarithmic span, vanishing actual buffer cost and simultaneous late schedule",ContinuumRemainder.scheduledSpan_isBigO_log,theorem,public,ContinuumRemainder.ErrorSchedule,project/ContinuumRemainder/ErrorSchedule.lean,35,e46f059b4c5a67613f39ea22de1677f31b3db90f623ec0b9a51a4c4872a67224
lem:schedule,"Logarithmic span, vanishing actual buffer cost and simultaneous late schedule",ContinuumRemainder.sublinear_buffer_cost_tendsto_zero,theorem,public,ContinuumRemainder.ErrorSchedule,project/ContinuumRemainder/ErrorSchedule.lean,114,e46f059b4c5a67613f39ea22de1677f31b3db90f623ec0b9a51a4c4872a67224
lem:schedule,"Logarithmic span, vanishing actual buffer cost and simultaneous late schedule",ContinuumRemainder.exists_late_robust_schedule,theorem,public,ContinuumRemainder.ErrorSchedule,project/ContinuumRemainder/ErrorSchedule.lean,147,e46f059b4c5a67613f39ea22de1677f31b3db90f623ec0b9a51a4c4872a67224
lem:schedule,"Logarithmic span, vanishing actual buffer cost and simultaneous late schedule",ContinuumRemainder.exists_sample_routing_schedule_late,theorem,public,ContinuumRemainder.SampleSchedule,project/ContinuumRemainder/SampleSchedule.lean,59,0ccdc4138f2bc29ea85d3d6d378be4c5d431d619af7027a7302a10f82ea25cd7
sec:repair,Active error domination and strict open double buffers,ContinuumRemainder.active_power_error_lt_radius,theorem,public,ContinuumRemainder.ErrorDomination,project/ContinuumRemainder/ErrorDomination.lean,33,13d0e8c3816a5c40aa1862490986ac05ff80b2f79d7e7c50b9fca095b01e1e94
sec:repair,Active error domination and strict open double buffers,ContinuumRemainder.active_error_in_outer_buffer,theorem,public,ContinuumRemainder.ErrorDomination,project/ContinuumRemainder/ErrorDomination.lean,74,13d0e8c3816a5c40aa1862490986ac05ff80b2f79d7e7c50b9fca095b01e1e94
sec:repair,Active error domination and strict open double buffers,ContinuumGeometric.unitDensity_periodicGridSet_double_buffer_le,theorem,public,ContinuumGeometric.PeriodicRepair,project/ContinuumGeometric/PeriodicRepair.lean,296,fdfdb155956eeb6e089bdb274017caa103b60f6abc8be6e378a3ae829f6346f9
lem:closed,"Closed missed centers, compact projection and stable probability",ContinuumRemainder.isClosed_sampledMissedCenters,theorem,public,ContinuumRemainder.RobustRepair,project/ContinuumRemainder/RobustRepair.lean,72,845d6c2555972928b9d2c3aa5022a4c8d7775923bd48923b6437e9d6f70e4cc0
lem:closed,"Closed missed centers, compact projection and stable probability",ContinuumRemainder.sampled_stable_missed_center_probability_le,theorem,public,ContinuumRemainder.SampleStableProbability,project/ContinuumRemainder/SampleStableProbability.lean,120,c3a1191e6808824cc50095132153f3abd5658d49349acabde8108f01008ff882
lem:closed,"Closed missed centers, compact projection and stable probability",ContinuumRemainder.sampled_stable_bad_density_le,theorem,public,ContinuumRemainder.SampleStableProbability,project/ContinuumRemainder/SampleStableProbability.lean,108,c3a1191e6808824cc50095132153f3abd5658d49349acabde8108f01008ff882
lem:repair,"Open cover, every-center convergence and outcome assembly",ContinuumGeometric.closed_onePeriodic_open_cover,theorem,public,ContinuumGeometric.PeriodicRepair,project/ContinuumGeometric/PeriodicRepair.lean,325,fdfdb155956eeb6e089bdb274017caa103b60f6abc8be6e378a3ae829f6346f9
lem:repair,"Open cover, every-center convergence and outcome assembly",ContinuumRemainder.perturbed_power_tendsto,theorem,public,ContinuumRemainder.RobustRepair,project/ContinuumRemainder/RobustRepair.lean,26,845d6c2555972928b9d2c3aa5022a4c8d7775923bd48923b6437e9d6f70e4cc0
lem:repair,"Open cover, every-center convergence and outcome assembly",ContinuumRemainder.sampled_robust_repair_all_centers,theorem,public,ContinuumRemainder.RobustRepair,project/ContinuumRemainder/RobustRepair.lean,90,845d6c2555972928b9d2c3aa5022a4c8d7775923bd48923b6437e9d6f70e4cc0
lem:repair,"Open cover, every-center convergence and outcome assembly",ContinuumRemainder.actual_sampled_routing_blocker_of_stable_miss,theorem,public,ContinuumRemainder.RobustAssembly,project/ContinuumRemainder/RobustAssembly.lean,111,d933faf8d71dd662eda3f9470cfdd6c119dff57a5dbc9e31dbe2c166071cf0dd
lem:blocker,Unconditional uniform robust blocker,ContinuumRemainder.robustCompactBlockerSpec_proved,theorem,public,ContinuumRemainder.FinalProof,project/ContinuumRemainder/FinalProof.lean,11,f54bc7886852aaf0a36a537556bbe92d193eb49944863f36f87bcd05c122f912
sec:finish,"Countable exhaustion, coefficient normalization and reflected blockers",ContinuumRemainder.robustCompactBlockerSpec_open_exhaustion,theorem,public,ContinuumRemainder.Exhaustion,project/ContinuumRemainder/Exhaustion.lean,31,a3cc0bba82583bef5f9a79532cbd342fbbec554d8b5d841973df4377d3971f9c
thm:main,"Infinitely many distinct values, strict unit measure and nowhere density",ContinuumRemainder.powerRemainder_two_sided,theorem,public,ContinuumRemainder.DistinctMisses,project/ContinuumRemainder/DistinctMisses.lean,26,008a7784505ca91390668a443eb931441f4b15139f709b401f2d732e04f0a090
thm:main,"Infinitely many distinct values, strict unit measure and nowhere density",ContinuumRemainder.infinite_tailValuesOutside_of_hits,theorem,public,ContinuumRemainder.DistinctMisses,project/ContinuumRemainder/DistinctMisses.lean,75,008a7784505ca91390668a443eb931441f4b15139f709b401f2d732e04f0a090
thm:main,"Infinitely many distinct values, strict unit measure and nowhere density",ContinuumRemainder.volume_onePeriodic_inter_Icc,theorem,public,ContinuumRemainder.TopologyConclusion,project/ContinuumRemainder/TopologyConclusion.lean,41,3990f7aa3df3aa0ccdea31582c41d601e08045344aba0a16f304dc1cc718e3b9
thm:main,"Infinitely many distinct values, strict unit measure and nowhere density",ContinuumRemainder.continuum_power_target,theorem,public,ContinuumRemainder.FinalProof,project/ContinuumRemainder/FinalProof.lean,37,f54bc7886852aaf0a36a537556bbe92d193eb49944863f36f87bcd05c122f912
cor:compact,Compact restriction with unchanged avoidance quantifiers,ContinuumRemainder.compact_power_avoidance,theorem,public,ContinuumRemainder.FinalProof,project/ContinuumRemainder/FinalProof.lean,40,f54bc7886852aaf0a36a537556bbe92d193eb49944863f36f87bcd05c122f912
cor:geometric,Earlier independently proved all-ratio endpoint; current normalization is a traditional corollary,ContinuumGeometric.MainTarget,def,public,ContinuumGeometric.Target,project/ContinuumGeometric/Target.lean,18,5ac9c8a13941c709116fca8cc31a56ae9c1a5c85de9eabdd4d868d3a5358af55
cor:geometric,Earlier independently proved all-ratio endpoint; current normalization is a traditional corollary,ContinuumGeometric.geometric_main_target,theorem,public,ContinuumGeometric.MainProof,project/ContinuumGeometric/MainProof.lean,30,bccd4b0c9e6450d957ef46f6cad5b27d4d8d514097ca7558f1f32f0459a1ddd9
app:formal,Exact partial-tail/total-extension correspondence,ContinuumRemainder.powerRemainderOn_totalTailExtension,theorem,public,ContinuumRemainder.DistinctMisses,project/ContinuumRemainder/DistinctMisses.lean,118,008a7784505ca91390668a443eb931441f4b15139f709b401f2d732e04f0a090
app:formal,Exact partial-tail/total-extension correspondence,ContinuumRemainder.tailValuesOutside_totalTailExtension,theorem,public,ContinuumRemainder.DistinctMisses,project/ContinuumRemainder/DistinctMisses.lean,131,008a7784505ca91390668a443eb931441f4b15139f709b401f2d732e04f0a090
