a_real,a_imag,b_real,b_imag,w_real,w_imag
13,-5,-6,-13,-1519,-991
12,-6,-5,-14,-1770,-412
5,12,15,-3,-1688,-134
4,12,15,-4,-1452,-408
-5,-14,-11,8,-880,-1420
-5,-12,-13,8,-1158,-788
-4,-12,-15,-1,-1640,420
-3,-11,-16,0,-1308,69
-12,-4,1,15,-757,-847
-14,-5,1,13,-519,-1368
-5,-9,-15,9,-948,-257
-6,-8,-16,8,-972,-35
-9,-5,-2,17,-702,-476
-9,-4,-2,17,-754,-412
6,13,8,-12,-452,-1016
5,11,9,-14,-556,-655
5,6,15,-11,-742,-83
3,7,14,-12,-632,-239
5,-10,-8,-15,-937,518
5,-11,-7,-14,-956,823
-5,5,9,16,-706,33
-5,8,7,16,-810,332
3,-7,-18,4,-507,-305
4,-8,-17,4,-487,-407
5,11,4,-15,-299,-615
4,9,4,-17,-368,-436
-5,-1,-9,17,-566,22
-7,1,-9,16,-628,201
14,3,-8,-12,-211,-817
15,3,-6,-11,-59,-1071
4,-2,-17,-9,-448,-150
2,-3,-17,-9,-482,-53
-1,6,13,-14,-383,-235
0,3,14,-14,-396,-102
8,-4,-18,1,-297,-348
7,-3,-18,2,-290,-285
3,-1,9,-18,-435,69
5,-2,9,-17,-495,163
12,-4,-15,-2,-160,-544
11,-2,-17,-2,-200,-407
5,3,-14,-12,-293,-210
3,3,-15,-13,-289,-135
0,1,14,15,-369,16
-1,-2,14,14,-302,-68
2,8,14,12,-536,339
3,6,14,13,-420,257
-4,-8,9,15,-178,-262
-6,-9,9,15,-156,-325
8,11,-4,-14,-75,-527
11,11,-1,-12,86,-872
3,-2,17,-10,-340,122
-1,-2,18,-9,-272,6
7,1,-18,3,-195,-181
6,2,-19,3,-201,-138
-9,-5,-17,1,-512,535
-10,-7,-16,1,-568,798
-7,11,9,-12,-53,-396
-6,14,10,-8,45,-664
4,4,-19,-1,-195,-96
1,4,-20,-1,-220,-19
2,4,0,19,-276,132
3,2,0,20,-254,65
-7,6,8,-16,-133,-197
-8,8,9,-14,-90,-271
0,-6,3,-19,-297,202
3,-8,2,-18,-365,358
13,1,-15,0,-33,-341
15,-2,-13,-2,48,-528
-4,4,-16,-12,-186,36
-3,6,-15,-12,-152,-12
-6,6,-1,-18,-117,-105
-7,4,-1,-18,-116,-56
-10,-1,15,-9,-90,-156
-11,0,14,-8,-60,-195
1,6,-14,13,-191,102
3,6,-14,12,-153,59
8,0,18,2,-263,283
7,-3,18,4,-185,183
10,-9,-7,13,4,-261
10,-7,-6,14,-18,-196
-8,6,-1,-17,-69,-87
-9,8,0,-16,-21,-125
15,5,-12,-5,87,-426
13,6,-13,-3,48,-313
-3,-8,17,-5,-99,12
-5,-9,17,-4,-62,-26
-5,-9,-9,-15,-241,395
-4,-10,-10,-13,-301,515
6,7,-1,18,-129,179
4,9,0,18,-157,263
-8,6,-15,-10,-82,92
-8,4,-15,-9,-110,132
-6,9,-13,-10,-39,15
-7,8,-14,-10,-54,47
-12,-2,7,-14,-6,-33
-13,-1,7,-14,9,-53
15,6,-11,-3,147,-347
13,7,-13,0,73,-226
14,-1,-10,10,41,-164
14,1,-9,12,32,-95
-10,6,-15,-8,-47,143
-11,3,-15,-6,-66,237
8,8,9,14,-134,356
9,7,8,14,-94,308
2,-16,6,11,108,-190
5,-14,9,10,71,-79
-1,-13,15,-2,16,43
1,-13,15,-4,6,104
-15,7,10,-4,190,-411
-16,5,9,-6,171,-285
10,10,-10,10,49,32
12,9,-11,8,71,-34
9,-14,0,11,153,-202
10,-13,2,11,139,-134
-6,-16,-2,10,338,-681
-5,-17,-1,10,314,-551
-2,-13,12,-9,12,141
0,-13,11,-11,-12,213
0,-16,12,2,110,-4
-1,-16,11,3,125,-40
12,-5,11,-10,-176,693
11,-6,13,-9,-151,516
11,10,-6,12,70,94
12,10,-7,10,103,51
-12,5,-15,-2,-20,287
-12,9,-12,-5,78,156
4,18,-4,-8,262,-274
5,17,-1,-9,311,-424
7,16,-9,-1,198,-79
8,16,-8,-3,227,-144
-3,15,-11,7,81,217
-5,13,-10,10,17,332
-14,2,-14,-2,14,382
-14,0,-14,-1,-3,473
0,18,-9,-2,196,-14
-1,17,-10,-1,165,23
16,3,3,11,130,136
17,2,2,10,166,102
-18,6,5,-6,274,-179
-17,7,7,-3,342,-316
13,-8,13,-1,78,318
13,-10,12,1,123,235
-4,18,-8,-1,229,50
-6,16,-10,4,162,206
-19,-1,4,-5,291,-85
-19,-2,2,-6,282,-10
-18,4,-5,-6,245,128
-18,5,-3,-6,269,66
-15,12,3,-5,359,-189
-15,12,0,-5,338,-81
-13,-5,-14,2,-136,903
-14,-3,-14,0,-23,640
13,-11,10,-4,189,360
13,-12,9,-1,228,247
-16,-1,-13,0,105,552
-16,0,-11,-2,163,423
-19,-1,-5,-5,296,196
-18,-2,-8,-4,267,322
18,-8,2,4,344,34
18,-8,5,3,322,135
-19,1,5,1,495,-264
-19,1,6,3,547,-395
-14,-14,3,1,437,-101
-14,-14,2,-1,429,-7
-13,12,9,2,813,-788
-14,12,7,0,637,-460
-19,5,-3,-2,402,118
-19,4,-6,-1,374,249
-8,-14,-8,-8,225,663
-10,-14,-6,-8,272,485
-6,-19,0,0,530,16
-6,-19,-1,3,598,-149
-5,-18,-1,-6,417,308
-5,-18,-2,-8,362,400
18,-8,4,-2,500,247
18,-8,2,-1,529,133
1,-15,-8,-11,9,1236
0,-16,-6,-10,292,913
16,12,1,-3,701,-71
16,11,1,-5,815,-197
18,1,9,-3,441,614
19,1,7,-2,521,446
-18,-8,-3,2,715,144
-18,-8,-5,1,662,300
-14,11,8,4,1069,-717
-15,11,6,4,1020,-369
-9,-15,-9,-4,564,781
-9,-16,-7,-2,783,511
-18,-6,-4,4,890,242
-18,-7,-2,6,1032,-72
13,10,11,-2,684,1201
12,10,12,-2,504,1484
2,18,7,4,948,585
1,18,7,2,1149,309
1,-18,-9,1,1458,-410
0,-18,-9,0,1560,-106
9,15,10,-1,1382,868
9,14,11,0,1089,1280
-17,1,0,10,1956,0
-17,2,-2,10,1722,752
