dimension	sharp_R_over_simplex	join_points	simplex_product_factors
1	1	2	-
2	1	3	-
3	1	4	-
4	1	5	-
5	1	6	-
6	1	7	-
7	1	8	-
8	1	9	-
9	1	10	-
10	1	11	-
11	1	12	-
12	1	13	-
13	1	14	-
14	385/384	6	T4xT4^1
15	525/512	7	T4xT4^1
16	2275/2176	8	T4xT4^1
17	273/256	7	T5xT5^1
18	1323/1216	8	T5xT5^1
19	18375/16384	2	T4xT4^2
20	56875/49152	3	T4xT4^2
21	429975/360448	2	T4xT4^1;T5xT5^1
22	464373/376832	1	T5xT5^2
23	83349/65536	2	T5xT5^2
24	42875/32768	0	T3xT3^1;T4xT4^2
25	18984375/13983424	0	T3xT4^1;T4xT4^2
26	26796875/18874368	0	T4xT4^3
27	9091796875/6198727824	0	T4xT4^2;T4xT5^1
28	5788125/3801088	0	T4xT4^2;T5xT5^1
29	4335734375/2754990144	0	T4xT4^1;T4xT5^1;T5xT5^1
30	106269975/65011712	0	T4xT4^1;T5xT5^2
31	153278125/90699264	0	T4xT5^1;T5xT5^2
32	20253807/11534336	0	T5xT5^3
33	1122757132415625/620838195249536	0	T5xT5^2;T5xT6^1
34	156779469/83886080	0	T5xT5^2;T6xT6^1
35	4689453125/2415919104	0	T4xT4^4
36	39274169921875/19571449982976	0	T4xT4^3;T4xT5^1
37	21271359375/10200547328	0	T4xT4^3;T5xT5^1
38	2471341796875/1146075899904	0	T4xT4^2;T4xT5^1;T5xT5^1
39	2406702375/1073741824	0	T4xT4^2;T5xT5^2
40	206898671875/89248075776	0	T4xT4^1;T4xT5^1;T5xT5^2
41	1293993225/536870912	0	T4xT4^1;T5xT5^3
42	7503125/3009312	0	T4xT5^1;T5xT5^3
43	3827969523/1476395008	0	T5xT5^4
44	3122187642196875/1168636602822656	0	T5xT5^3;T5xT6^1
45	272920049325/98784247808	0	T5xT5^3;T6xT6^1
46	2304397265625/807453851648	0	T4xT4^4;T5xT5^1
47	355343310546875/120367356051456	0	T4xT4^3;T4xT5^1;T5xT5^1
48	105488578125/34359738368	0	T4xT4^3;T5xT5^2
